{
  "images" : [
    {
      "filename" : "58.png",
      "idiom" : "iphone",
      "scale" : "2x",
      "size" : "29x29"
    },
    {
      "filename" : "87.png",
      "idiom" : "iphone",
      "scale" : "3x",
      "size" : "29x29"
    },
    {
      "filename" : "appstore copy-1.png",
      "idiom" : "iphone",
      "scale" : "2x",
      "size" : "60x45"
    },
    {
      "filename" : "appstore copy-2.png",
      "idiom" : "iphone",
      "scale" : "3x",
      "size" : "60x45"
    },
    {
      "filename" : "icon-messages-settings-29x29@2x-1.png",
      "idiom" : "ipad",
      "scale" : "2x",
      "size" : "29x29"
    },
    {
      "filename" : "icon-messages-app-iPadAir-67x50@2x.png",
      "idiom" : "ipad",
      "scale" : "2x",
      "size" : "67x50"
    },
    {
      "filename" : "icon-messages-app-iPadAir-74x55@2x.png",
      "idiom" : "ipad",
      "scale" : "2x",
      "size" : "74x55"
    },
    {
      "filename" : "appstore.png",
      "idiom" : "ios-marketing",
      "scale" : "1x",
      "size" : "1024x1024"
    },
    {
      "filename" : "icon-messages-app-27x20@3x copy.png",
      "idiom" : "universal",
      "platform" : "ios",
      "scale" : "2x",
      "size" : "27x20"
    },
    {
      "filename" : "icon-messages-app-27x20@3x.png",
      "idiom" : "universal",
      "platform" : "ios",
      "scale" : "3x",
      "size" : "27x20"
    },
    {
      "filename" : "icon-messages-app-27x20@3x copy 2.png",
      "idiom" : "universal",
      "platform" : "ios",
      "scale" : "2x",
      "size" : "32x24"
    },
    {
      "filename" : "icon-messages-app-27x20@3x copy-1.png",
      "idiom" : "universal",
      "platform" : "ios",
      "scale" : "3x",
      "size" : "32x24"
    },
    {
      "filename" : "appstore copy.png",
      "idiom" : "ios-marketing",
      "platform" : "ios",
      "scale" : "1x",
      "size" : "1024x768"
    }
  ],
  "info" : {
    "author" : "xcode",
    "version" : 1
  }
}
